<?xml version="1.0" encoding="UTF-8"?>
<beans xmlns="http://www.springframework.org/schema/beans"
	xmlns:xsi="http://www.w3.org/2001/XMLSchema-instance"
	xmlns:context="http://www.springframework.org/schema/context"
	xmlns:mybatis-spring="http://mybatis.org/schema/mybatis-spring"
	xmlns:tx="http://www.springframework.org/schema/tx"
	xmlns:aop="http://www.springframework.org/schema/aop"
	xsi:schemaLocation="
		http://mybatis.org/schema/mybatis-spring http://mybatis.org/schema/mybatis-spring-1.2.xsd
		http://www.springframework.org/schema/beans https://www.springframework.org/schema/beans/spring-beans.xsd
		http://www.springframework.org/schema/context http://www.springframework.org/schema/context/spring-context-4.3.xsd
		http://www.springframework.org/schema/aop http://www.springframework.org/schema/aop/spring-aop-4.3.xsd
		http://www.springframework.org/schema/tx http://www.springframework.org/schema/tx/spring-tx-4.3.xsd">

	<!-- Root Context: defines shared resources visible to all other web components -->

	<!-- @Service, @Repository, @Component 등이 붙은 비즈니스 관련 컴포넌트를 스캔 -->
	<context:component-scan base-package="org.kobus.spring" />

	<!-- p84 -->
	<bean id="hikariConfig" class="com.zaxxer.hikari.HikariConfig">
		<!-- p102 
			<property name="driverClassName" value="oracle.jdbc.driver.OracleDriver" />
			<property name="jdbcUrl" value="jdbc:oracle:thin:@localhost:1521:XE" />
		-->
		<property name="driverClassName" value="net.sf.log4jdbc.sql.jdbcapi.DriverSpy" />
		<property name="jdbcUrl" value="jdbc:log4jdbc:oracle:thin:@localhost:1521:xe" />
		<property name="username" value="KOBUS" />
		<property name="password" value="1234" />
		<property name="autoCommit" value="false" />
	</bean>

	<bean id="dataSource" class="com.zaxxer.hikari.HikariDataSource" destroy-method="close">
		<constructor-arg ref="hikariConfig" />
	</bean>

	<!-- p91 -->
	<bean id="sqlSessionFactoryBean" class="org.mybatis.spring.SqlSessionFactoryBean">
		<property name="dataSource" ref="dataSource" />
		<property name="configLocation" value="classpath:org/kobus/spring/mapper/mybatis-config.xml" />
	</bean>

	<bean id="sqlSession" class="org.mybatis.spring.SqlSessionTemplate">
		<constructor-arg index="0" ref="sqlSessionFactoryBean" />
	</bean>

	<!-- p95 -->
	<mybatis-spring:scan base-package="org.kobus.spring.mapper" />

	<!-- p508 스프링 트랜잭션을 처리할 JDBC기반의 트랜잭션 관리자 등록 Spring JDBC 또는 mybatis DB처리 -->
	<bean id="transactionManager" class="org.springframework.jdbc.datasource.DataSourceTransactionManager">
		<property name="dataSource" ref="dataSource" />
	</bean>

	<!-- 트랜잭션 어노테이션 활성화 -->
	<tx:annotation-driven transaction-manager="transactionManager" proxy-target-class="true" />
	<aop:aspectj-autoproxy proxy-target-class="true" />

</beans>
